"Statistic Label","Census Year","Administrative Counties 2019","Marital Status","Sex","UNIT","VALUE"
"Population","2022","Carlow County Council","Single","Males","Number","17173"
"Population","2022","Carlow County Council","Single","Females","Number","15769"
"Population","2022","Carlow County Council","Single","Both Sexes","Number","32942"
"Population","2022","Carlow County Council","Married","Males","Number","11488"
"Population","2022","Carlow County Council","Married","Females","Number","11492"
"Population","2022","Carlow County Council","Married","Both Sexes","Number","22980"
"Population","2022","Carlow County Council","Separated","Males","Number","722"
"Population","2022","Carlow County Council","Separated","Females","Number","841"
"Population","2022","Carlow County Council","Separated","Both Sexes","Number","1563"
"Population","2022","Carlow County Council","Divorced","Males","Number","752"
"Population","2022","Carlow County Council","Divorced","Females","Number","1114"
"Population","2022","Carlow County Council","Divorced","Both Sexes","Number","1866"
"Population","2022","Carlow County Council","Widowed","Males","Number","687"
"Population","2022","Carlow County Council","Widowed","Females","Number","1930"
"Population","2022","Carlow County Council","Widowed","Both Sexes","Number","2617"
"Population","2022","Carlow County Council","Total","Males","Number","30822"
"Population","2022","Carlow County Council","Total","Females","Number","31146"
"Population","2022","Carlow County Council","Total","Both Sexes","Number","61968"
"Population","2022","Dublin City Council","Single","Males","Number","183308"
"Population","2022","Dublin City Council","Single","Females","Number","181323"
"Population","2022","Dublin City Council","Single","Both Sexes","Number","364631"
"Population","2022","Dublin City Council","Married","Males","Number","89409"
"Population","2022","Dublin City Council","Married","Females","Number","86683"
"Population","2022","Dublin City Council","Married","Both Sexes","Number","176092"
"Population","2022","Dublin City Council","Separated","Males","Number","6419"
"Population","2022","Dublin City Council","Separated","Females","Number","7214"
"Population","2022","Dublin City Council","Separated","Both Sexes","Number","13633"
"Population","2022","Dublin City Council","Divorced","Males","Number","6361"
"Population","2022","Dublin City Council","Divorced","Females","Number","8501"
"Population","2022","Dublin City Council","Divorced","Both Sexes","Number","14862"
"Population","2022","Dublin City Council","Widowed","Males","Number","6299"
"Population","2022","Dublin City Council","Widowed","Females","Number","17196"
"Population","2022","Dublin City Council","Widowed","Both Sexes","Number","23495"
"Population","2022","Dublin City Council","Total","Males","Number","291796"
"Population","2022","Dublin City Council","Total","Females","Number","300917"
"Population","2022","Dublin City Council","Total","Both Sexes","Number","592713"
"Population","2022","Dún Laoghaire Rathdown County Council","Single","Males","Number","59864"
"Population","2022","Dún Laoghaire Rathdown County Council","Single","Females","Number","61374"
"Population","2022","Dún Laoghaire Rathdown County Council","Single","Both Sexes","Number","121238"
"Population","2022","Dún Laoghaire Rathdown County Council","Married","Males","Number","45829"
"Population","2022","Dún Laoghaire Rathdown County Council","Married","Females","Number","46371"
"Population","2022","Dún Laoghaire Rathdown County Council","Married","Both Sexes","Number","92200"
"Population","2022","Dún Laoghaire Rathdown County Council","Separated","Males","Number","1816"
"Population","2022","Dún Laoghaire Rathdown County Council","Separated","Females","Number","2687"
"Population","2022","Dún Laoghaire Rathdown County Council","Separated","Both Sexes","Number","4503"
"Population","2022","Dún Laoghaire Rathdown County Council","Divorced","Males","Number","2077"
"Population","2022","Dún Laoghaire Rathdown County Council","Divorced","Females","Number","3661"
"Population","2022","Dún Laoghaire Rathdown County Council","Divorced","Both Sexes","Number","5738"
"Population","2022","Dún Laoghaire Rathdown County Council","Widowed","Males","Number","2446"
"Population","2022","Dún Laoghaire Rathdown County Council","Widowed","Females","Number","7735"
"Population","2022","Dún Laoghaire Rathdown County Council","Widowed","Both Sexes","Number","10181"
"Population","2022","Dún Laoghaire Rathdown County Council","Total","Males","Number","112032"
"Population","2022","Dún Laoghaire Rathdown County Council","Total","Females","Number","121828"
"Population","2022","Dún Laoghaire Rathdown County Council","Total","Both Sexes","Number","233860"
"Population","2022","Fingal County Council","Single","Males","Number","90582"
"Population","2022","Fingal County Council","Single","Females","Number","88164"
"Population","2022","Fingal County Council","Single","Both Sexes","Number","178746"
"Population","2022","Fingal County Council","Married","Males","Number","63136"
"Population","2022","Fingal County Council","Married","Females","Number","62939"
"Population","2022","Fingal County Council","Married","Both Sexes","Number","126075"
"Population","2022","Fingal County Council","Separated","Males","Number","2962"
"Population","2022","Fingal County Council","Separated","Females","Number","4487"
"Population","2022","Fingal County Council","Separated","Both Sexes","Number","7449"
"Population","2022","Fingal County Council","Divorced","Males","Number","3218"
"Population","2022","Fingal County Council","Divorced","Females","Number","5297"
"Population","2022","Fingal County Council","Divorced","Both Sexes","Number","8515"
"Population","2022","Fingal County Council","Widowed","Males","Number","2634"
"Population","2022","Fingal County Council","Widowed","Females","Number","7087"
"Population","2022","Fingal County Council","Widowed","Both Sexes","Number","9721"
"Population","2022","Fingal County Council","Total","Males","Number","162532"
"Population","2022","Fingal County Council","Total","Females","Number","167974"
"Population","2022","Fingal County Council","Total","Both Sexes","Number","330506"
"Population","2022","South Dublin County Council","Single","Males","Number","83703"
"Population","2022","South Dublin County Council","Single","Females","Number","82147"
"Population","2022","South Dublin County Council","Single","Both Sexes","Number","165850"
"Population","2022","South Dublin County Council","Married","Males","Number","55226"
"Population","2022","South Dublin County Council","Married","Females","Number","55147"
"Population","2022","South Dublin County Council","Married","Both Sexes","Number","110373"
"Population","2022","South Dublin County Council","Separated","Males","Number","2612"
"Population","2022","South Dublin County Council","Separated","Females","Number","4168"
"Population","2022","South Dublin County Council","Separated","Both Sexes","Number","6780"
"Population","2022","South Dublin County Council","Divorced","Males","Number","2711"
"Population","2022","South Dublin County Council","Divorced","Females","Number","4495"
"Population","2022","South Dublin County Council","Divorced","Both Sexes","Number","7206"
"Population","2022","South Dublin County Council","Widowed","Males","Number","2994"
"Population","2022","South Dublin County Council","Widowed","Females","Number","7872"
"Population","2022","South Dublin County Council","Widowed","Both Sexes","Number","10866"
"Population","2022","South Dublin County Council","Total","Males","Number","147246"
"Population","2022","South Dublin County Council","Total","Females","Number","153829"
"Population","2022","South Dublin County Council","Total","Both Sexes","Number","301075"
"Population","2022","Kildare County Council","Single","Males","Number","68098"
"Population","2022","Kildare County Council","Single","Females","Number","64038"
"Population","2022","Kildare County Council","Single","Both Sexes","Number","132136"
"Population","2022","Kildare County Council","Married","Males","Number","48244"
"Population","2022","Kildare County Council","Married","Females","Number","47963"
"Population","2022","Kildare County Council","Married","Both Sexes","Number","96207"
"Population","2022","Kildare County Council","Separated","Males","Number","2274"
"Population","2022","Kildare County Council","Separated","Females","Number","3095"
"Population","2022","Kildare County Council","Separated","Both Sexes","Number","5369"
"Population","2022","Kildare County Council","Divorced","Males","Number","2453"
"Population","2022","Kildare County Council","Divorced","Females","Number","3592"
"Population","2022","Kildare County Council","Divorced","Both Sexes","Number","6045"
"Population","2022","Kildare County Council","Widowed","Males","Number","2195"
"Population","2022","Kildare County Council","Widowed","Females","Number","5822"
"Population","2022","Kildare County Council","Widowed","Both Sexes","Number","8017"
"Population","2022","Kildare County Council","Total","Males","Number","123264"
"Population","2022","Kildare County Council","Total","Females","Number","124510"
"Population","2022","Kildare County Council","Total","Both Sexes","Number","247774"
"Population","2022","Kilkenny County Council","Single","Males","Number","28184"
"Population","2022","Kilkenny County Council","Single","Females","Number","25784"
"Population","2022","Kilkenny County Council","Single","Both Sexes","Number","53968"
"Population","2022","Kilkenny County Council","Married","Males","Number","20306"
"Population","2022","Kilkenny County Council","Married","Females","Number","20448"
"Population","2022","Kilkenny County Council","Married","Both Sexes","Number","40754"
"Population","2022","Kilkenny County Council","Separated","Males","Number","1094"
"Population","2022","Kilkenny County Council","Separated","Females","Number","1372"
"Population","2022","Kilkenny County Council","Separated","Both Sexes","Number","2466"
"Population","2022","Kilkenny County Council","Divorced","Males","Number","1096"
"Population","2022","Kilkenny County Council","Divorced","Females","Number","1464"
"Population","2022","Kilkenny County Council","Divorced","Both Sexes","Number","2560"
"Population","2022","Kilkenny County Council","Widowed","Males","Number","1203"
"Population","2022","Kilkenny County Council","Widowed","Females","Number","3209"
"Population","2022","Kilkenny County Council","Widowed","Both Sexes","Number","4412"
"Population","2022","Kilkenny County Council","Total","Males","Number","51883"
"Population","2022","Kilkenny County Council","Total","Females","Number","52277"
"Population","2022","Kilkenny County Council","Total","Both Sexes","Number","104160"
"Population","2022","Laois County Council","Single","Males","Number","26008"
"Population","2022","Laois County Council","Single","Females","Number","23396"
"Population","2022","Laois County Council","Single","Both Sexes","Number","49404"
"Population","2022","Laois County Council","Married","Males","Number","17237"
"Population","2022","Laois County Council","Married","Females","Number","17101"
"Population","2022","Laois County Council","Married","Both Sexes","Number","34338"
"Population","2022","Laois County Council","Separated","Males","Number","1125"
"Population","2022","Laois County Council","Separated","Females","Number","1324"
"Population","2022","Laois County Council","Separated","Both Sexes","Number","2449"
"Population","2022","Laois County Council","Divorced","Males","Number","1052"
"Population","2022","Laois County Council","Divorced","Females","Number","1305"
"Population","2022","Laois County Council","Divorced","Both Sexes","Number","2357"
"Population","2022","Laois County Council","Widowed","Males","Number","856"
"Population","2022","Laois County Council","Widowed","Females","Number","2473"
"Population","2022","Laois County Council","Widowed","Both Sexes","Number","3329"
"Population","2022","Laois County Council","Total","Males","Number","46278"
"Population","2022","Laois County Council","Total","Females","Number","45599"
"Population","2022","Laois County Council","Total","Both Sexes","Number","91877"
"Population","2022","Longford County Council","Single","Males","Number","12889"
"Population","2022","Longford County Council","Single","Females","Number","11463"
"Population","2022","Longford County Council","Single","Both Sexes","Number","24352"
"Population","2022","Longford County Council","Married","Males","Number","8839"
"Population","2022","Longford County Council","Married","Females","Number","8791"
"Population","2022","Longford County Council","Married","Both Sexes","Number","17630"
"Population","2022","Longford County Council","Separated","Males","Number","598"
"Population","2022","Longford County Council","Separated","Females","Number","714"
"Population","2022","Longford County Council","Separated","Both Sexes","Number","1312"
"Population","2022","Longford County Council","Divorced","Males","Number","594"
"Population","2022","Longford County Council","Divorced","Females","Number","767"
"Population","2022","Longford County Council","Divorced","Both Sexes","Number","1361"
"Population","2022","Longford County Council","Widowed","Males","Number","529"
"Population","2022","Longford County Council","Widowed","Females","Number","1567"
"Population","2022","Longford County Council","Widowed","Both Sexes","Number","2096"
"Population","2022","Longford County Council","Total","Males","Number","23449"
"Population","2022","Longford County Council","Total","Females","Number","23302"
"Population","2022","Longford County Council","Total","Both Sexes","Number","46751"
"Population","2022","Louth County Council","Single","Males","Number","38999"
"Population","2022","Louth County Council","Single","Females","Number","36903"
"Population","2022","Louth County Council","Single","Both Sexes","Number","75902"
"Population","2022","Louth County Council","Married","Males","Number","25183"
"Population","2022","Louth County Council","Married","Females","Number","25210"
"Population","2022","Louth County Council","Married","Both Sexes","Number","50393"
"Population","2022","Louth County Council","Separated","Males","Number","1603"
"Population","2022","Louth County Council","Separated","Females","Number","2217"
"Population","2022","Louth County Council","Separated","Both Sexes","Number","3820"
"Population","2022","Louth County Council","Divorced","Males","Number","1560"
"Population","2022","Louth County Council","Divorced","Females","Number","2345"
"Population","2022","Louth County Council","Divorced","Both Sexes","Number","3905"
"Population","2022","Louth County Council","Widowed","Males","Number","1562"
"Population","2022","Louth County Council","Widowed","Females","Number","4121"
"Population","2022","Louth County Council","Widowed","Both Sexes","Number","5683"
"Population","2022","Louth County Council","Total","Males","Number","68907"
"Population","2022","Louth County Council","Total","Females","Number","70796"
"Population","2022","Louth County Council","Total","Both Sexes","Number","139703"
"Population","2022","Meath County Council","Single","Males","Number","60084"
"Population","2022","Meath County Council","Single","Females","Number","56041"
"Population","2022","Meath County Council","Single","Both Sexes","Number","116125"
"Population","2022","Meath County Council","Married","Males","Number","43556"
"Population","2022","Meath County Council","Married","Females","Number","43275"
"Population","2022","Meath County Council","Married","Both Sexes","Number","86831"
"Population","2022","Meath County Council","Separated","Males","Number","2265"
"Population","2022","Meath County Council","Separated","Females","Number","2996"
"Population","2022","Meath County Council","Separated","Both Sexes","Number","5261"
"Population","2022","Meath County Council","Divorced","Males","Number","2229"
"Population","2022","Meath County Council","Divorced","Females","Number","3184"
"Population","2022","Meath County Council","Divorced","Both Sexes","Number","5413"
"Population","2022","Meath County Council","Widowed","Males","Number","1854"
"Population","2022","Meath County Council","Widowed","Females","Number","5342"
"Population","2022","Meath County Council","Widowed","Both Sexes","Number","7196"
"Population","2022","Meath County Council","Total","Males","Number","109988"
"Population","2022","Meath County Council","Total","Females","Number","110838"
"Population","2022","Meath County Council","Total","Both Sexes","Number","220826"
"Population","2022","Offaly County Council","Single","Males","Number","22789"
"Population","2022","Offaly County Council","Single","Females","Number","20606"
"Population","2022","Offaly County Council","Single","Both Sexes","Number","43395"
"Population","2022","Offaly County Council","Married","Males","Number","16015"
"Population","2022","Offaly County Council","Married","Females","Number","15886"
"Population","2022","Offaly County Council","Married","Both Sexes","Number","31901"
"Population","2022","Offaly County Council","Separated","Males","Number","984"
"Population","2022","Offaly County Council","Separated","Females","Number","1212"
"Population","2022","Offaly County Council","Separated","Both Sexes","Number","2196"
"Population","2022","Offaly County Council","Divorced","Males","Number","861"
"Population","2022","Offaly County Council","Divorced","Females","Number","1190"
"Population","2022","Offaly County Council","Divorced","Both Sexes","Number","2051"
"Population","2022","Offaly County Council","Widowed","Males","Number","979"
"Population","2022","Offaly County Council","Widowed","Females","Number","2628"
"Population","2022","Offaly County Council","Widowed","Both Sexes","Number","3607"
"Population","2022","Offaly County Council","Total","Males","Number","41628"
"Population","2022","Offaly County Council","Total","Females","Number","41522"
"Population","2022","Offaly County Council","Total","Both Sexes","Number","83150"
"Population","2022","Westmeath County Council","Single","Males","Number","26382"
"Population","2022","Westmeath County Council","Single","Females","Number","24546"
"Population","2022","Westmeath County Council","Single","Both Sexes","Number","50928"
"Population","2022","Westmeath County Council","Married","Males","Number","18104"
"Population","2022","Westmeath County Council","Married","Females","Number","18202"
"Population","2022","Westmeath County Council","Married","Both Sexes","Number","36306"
"Population","2022","Westmeath County Council","Separated","Males","Number","1100"
"Population","2022","Westmeath County Council","Separated","Females","Number","1370"
"Population","2022","Westmeath County Council","Separated","Both Sexes","Number","2470"
"Population","2022","Westmeath County Council","Divorced","Males","Number","1082"
"Population","2022","Westmeath County Council","Divorced","Females","Number","1506"
"Population","2022","Westmeath County Council","Divorced","Both Sexes","Number","2588"
"Population","2022","Westmeath County Council","Widowed","Males","Number","1053"
"Population","2022","Westmeath County Council","Widowed","Females","Number","2876"
"Population","2022","Westmeath County Council","Widowed","Both Sexes","Number","3929"
"Population","2022","Westmeath County Council","Total","Males","Number","47721"
"Population","2022","Westmeath County Council","Total","Females","Number","48500"
"Population","2022","Westmeath County Council","Total","Both Sexes","Number","96221"
"Population","2022","Wexford County Council","Single","Males","Number","43880"
"Population","2022","Wexford County Council","Single","Females","Number","41303"
"Population","2022","Wexford County Council","Single","Both Sexes","Number","85183"
"Population","2022","Wexford County Council","Married","Males","Number","30737"
"Population","2022","Wexford County Council","Married","Females","Number","30941"
"Population","2022","Wexford County Council","Married","Both Sexes","Number","61678"
"Population","2022","Wexford County Council","Separated","Males","Number","2084"
"Population","2022","Wexford County Council","Separated","Females","Number","2547"
"Population","2022","Wexford County Council","Separated","Both Sexes","Number","4631"
"Population","2022","Wexford County Council","Divorced","Males","Number","2153"
"Population","2022","Wexford County Council","Divorced","Females","Number","2898"
"Population","2022","Wexford County Council","Divorced","Both Sexes","Number","5051"
"Population","2022","Wexford County Council","Widowed","Males","Number","1923"
"Population","2022","Wexford County Council","Widowed","Females","Number","5453"
"Population","2022","Wexford County Council","Widowed","Both Sexes","Number","7376"
"Population","2022","Wexford County Council","Total","Males","Number","80777"
"Population","2022","Wexford County Council","Total","Females","Number","83142"
"Population","2022","Wexford County Council","Total","Both Sexes","Number","163919"
"Population","2022","Wicklow County Council","Single","Males","Number","41208"
"Population","2022","Wicklow County Council","Single","Females","Number","39351"
"Population","2022","Wicklow County Council","Single","Both Sexes","Number","80559"
"Population","2022","Wicklow County Council","Married","Males","Number","30191"
"Population","2022","Wicklow County Council","Married","Females","Number","30432"
"Population","2022","Wicklow County Council","Married","Both Sexes","Number","60623"
"Population","2022","Wicklow County Council","Separated","Males","Number","1689"
"Population","2022","Wicklow County Council","Separated","Females","Number","2181"
"Population","2022","Wicklow County Council","Separated","Both Sexes","Number","3870"
"Population","2022","Wicklow County Council","Divorced","Males","Number","1857"
"Population","2022","Wicklow County Council","Divorced","Females","Number","2788"
"Population","2022","Wicklow County Council","Divorced","Both Sexes","Number","4645"
"Population","2022","Wicklow County Council","Widowed","Males","Number","1619"
"Population","2022","Wicklow County Council","Widowed","Females","Number","4535"
"Population","2022","Wicklow County Council","Widowed","Both Sexes","Number","6154"
"Population","2022","Wicklow County Council","Total","Males","Number","76564"
"Population","2022","Wicklow County Council","Total","Females","Number","79287"
"Population","2022","Wicklow County Council","Total","Both Sexes","Number","155851"
"Population","2022","Clare County Council","Single","Males","Number","33789"
"Population","2022","Clare County Council","Single","Females","Number","31949"
"Population","2022","Clare County Council","Single","Both Sexes","Number","65738"
"Population","2022","Clare County Council","Married","Males","Number","24778"
"Population","2022","Clare County Council","Married","Females","Number","25038"
"Population","2022","Clare County Council","Married","Both Sexes","Number","49816"
"Population","2022","Clare County Council","Separated","Males","Number","1360"
"Population","2022","Clare County Council","Separated","Females","Number","1687"
"Population","2022","Clare County Council","Separated","Both Sexes","Number","3047"
"Population","2022","Clare County Council","Divorced","Males","Number","1500"
"Population","2022","Clare County Council","Divorced","Females","Number","2073"
"Population","2022","Clare County Council","Divorced","Both Sexes","Number","3573"
"Population","2022","Clare County Council","Widowed","Males","Number","1490"
"Population","2022","Clare County Council","Widowed","Females","Number","4274"
"Population","2022","Clare County Council","Widowed","Both Sexes","Number","5764"
"Population","2022","Clare County Council","Total","Males","Number","62917"
"Population","2022","Clare County Council","Total","Females","Number","65021"
"Population","2022","Clare County Council","Total","Both Sexes","Number","127938"
"Population","2022","Cork City Council","Single","Males","Number","64620"
"Population","2022","Cork City Council","Single","Females","Number","63069"
"Population","2022","Cork City Council","Single","Both Sexes","Number","127689"
"Population","2022","Cork City Council","Married","Males","Number","38175"
"Population","2022","Cork City Council","Married","Females","Number","38155"
"Population","2022","Cork City Council","Married","Both Sexes","Number","76330"
"Population","2022","Cork City Council","Separated","Males","Number","1940"
"Population","2022","Cork City Council","Separated","Females","Number","2605"
"Population","2022","Cork City Council","Separated","Both Sexes","Number","4545"
"Population","2022","Cork City Council","Divorced","Males","Number","2379"
"Population","2022","Cork City Council","Divorced","Females","Number","3571"
"Population","2022","Cork City Council","Divorced","Both Sexes","Number","5950"
"Population","2022","Cork City Council","Widowed","Males","Number","2622"
"Population","2022","Cork City Council","Widowed","Females","Number","6868"
"Population","2022","Cork City Council","Widowed","Both Sexes","Number","9490"
"Population","2022","Cork City Council","Total","Males","Number","109736"
"Population","2022","Cork City Council","Total","Females","Number","114268"
"Population","2022","Cork City Council","Total","Both Sexes","Number","224004"
"Population","2022","Cork County Council","Single","Males","Number","96429"
"Population","2022","Cork County Council","Single","Females","Number","88776"
"Population","2022","Cork County Council","Single","Both Sexes","Number","185205"
"Population","2022","Cork County Council","Married","Males","Number","71622"
"Population","2022","Cork County Council","Married","Females","Number","71842"
"Population","2022","Cork County Council","Married","Both Sexes","Number","143464"
"Population","2022","Cork County Council","Separated","Males","Number","3218"
"Population","2022","Cork County Council","Separated","Females","Number","3936"
"Population","2022","Cork County Council","Separated","Both Sexes","Number","7154"
"Population","2022","Cork County Council","Divorced","Males","Number","4129"
"Population","2022","Cork County Council","Divorced","Females","Number","5512"
"Population","2022","Cork County Council","Divorced","Both Sexes","Number","9641"
"Population","2022","Cork County Council","Widowed","Males","Number","3711"
"Population","2022","Cork County Council","Widowed","Females","Number","10977"
"Population","2022","Cork County Council","Widowed","Both Sexes","Number","14688"
"Population","2022","Cork County Council","Total","Males","Number","179109"
"Population","2022","Cork County Council","Total","Females","Number","181043"
"Population","2022","Cork County Council","Total","Both Sexes","Number","360152"
"Population","2022","Kerry County Council","Single","Males","Number","41449"
"Population","2022","Kerry County Council","Single","Females","Number","38179"
"Population","2022","Kerry County Council","Single","Both Sexes","Number","79628"
"Population","2022","Kerry County Council","Married","Males","Number","30446"
"Population","2022","Kerry County Council","Married","Females","Number","30641"
"Population","2022","Kerry County Council","Married","Both Sexes","Number","61087"
"Population","2022","Kerry County Council","Separated","Males","Number","1640"
"Population","2022","Kerry County Council","Separated","Females","Number","2048"
"Population","2022","Kerry County Council","Separated","Both Sexes","Number","3688"
"Population","2022","Kerry County Council","Divorced","Males","Number","1862"
"Population","2022","Kerry County Council","Divorced","Females","Number","2591"
"Population","2022","Kerry County Council","Divorced","Both Sexes","Number","4453"
"Population","2022","Kerry County Council","Widowed","Males","Number","1990"
"Population","2022","Kerry County Council","Widowed","Females","Number","5612"
"Population","2022","Kerry County Council","Widowed","Both Sexes","Number","7602"
"Population","2022","Kerry County Council","Total","Males","Number","77387"
"Population","2022","Kerry County Council","Total","Females","Number","79071"
"Population","2022","Kerry County Council","Total","Both Sexes","Number","156458"
"Population","2022","Limerick City & County Council","Single","Males","Number","59265"
"Population","2022","Limerick City & County Council","Single","Females","Number","54390"
"Population","2022","Limerick City & County Council","Single","Both Sexes","Number","113655"
"Population","2022","Limerick City & County Council","Married","Males","Number","38498"
"Population","2022","Limerick City & County Council","Married","Females","Number","38409"
"Population","2022","Limerick City & County Council","Married","Both Sexes","Number","76907"
"Population","2022","Limerick City & County Council","Separated","Males","Number","2140"
"Population","2022","Limerick City & County Council","Separated","Females","Number","2744"
"Population","2022","Limerick City & County Council","Separated","Both Sexes","Number","4884"
"Population","2022","Limerick City & County Council","Divorced","Males","Number","2060"
"Population","2022","Limerick City & County Council","Divorced","Females","Number","2768"
"Population","2022","Limerick City & County Council","Divorced","Both Sexes","Number","4828"
"Population","2022","Limerick City & County Council","Widowed","Males","Number","2489"
"Population","2022","Limerick City & County Council","Widowed","Females","Number","6773"
"Population","2022","Limerick City & County Council","Widowed","Both Sexes","Number","9262"
"Population","2022","Limerick City & County Council","Total","Males","Number","104452"
"Population","2022","Limerick City & County Council","Total","Females","Number","105084"
"Population","2022","Limerick City & County Council","Total","Both Sexes","Number","209536"
"Population","2022","Tipperary County Council","Single","Males","Number","45752"
"Population","2022","Tipperary County Council","Single","Females","Number","41332"
"Population","2022","Tipperary County Council","Single","Both Sexes","Number","87084"
"Population","2022","Tipperary County Council","Married","Males","Number","31943"
"Population","2022","Tipperary County Council","Married","Females","Number","31960"
"Population","2022","Tipperary County Council","Married","Both Sexes","Number","63903"
"Population","2022","Tipperary County Council","Separated","Males","Number","1920"
"Population","2022","Tipperary County Council","Separated","Females","Number","2330"
"Population","2022","Tipperary County Council","Separated","Both Sexes","Number","4250"
"Population","2022","Tipperary County Council","Divorced","Males","Number","1950"
"Population","2022","Tipperary County Council","Divorced","Females","Number","2564"
"Population","2022","Tipperary County Council","Divorced","Both Sexes","Number","4514"
"Population","2022","Tipperary County Council","Widowed","Males","Number","2074"
"Population","2022","Tipperary County Council","Widowed","Females","Number","6070"
"Population","2022","Tipperary County Council","Widowed","Both Sexes","Number","8144"
"Population","2022","Tipperary County Council","Total","Males","Number","83639"
"Population","2022","Tipperary County Council","Total","Females","Number","84256"
"Population","2022","Tipperary County Council","Total","Both Sexes","Number","167895"
"Population","2022","Waterford City & County Council","Single","Males","Number","35130"
"Population","2022","Waterford City & County Council","Single","Females","Number","32591"
"Population","2022","Waterford City & County Council","Single","Both Sexes","Number","67721"
"Population","2022","Waterford City & County Council","Married","Males","Number","23456"
"Population","2022","Waterford City & County Council","Married","Females","Number","23505"
"Population","2022","Waterford City & County Council","Married","Both Sexes","Number","46961"
"Population","2022","Waterford City & County Council","Separated","Males","Number","1444"
"Population","2022","Waterford City & County Council","Separated","Females","Number","1820"
"Population","2022","Waterford City & County Council","Separated","Both Sexes","Number","3264"
"Population","2022","Waterford City & County Council","Divorced","Males","Number","1492"
"Population","2022","Waterford City & County Council","Divorced","Females","Number","2168"
"Population","2022","Waterford City & County Council","Divorced","Both Sexes","Number","3660"
"Population","2022","Waterford City & County Council","Widowed","Males","Number","1573"
"Population","2022","Waterford City & County Council","Widowed","Females","Number","4184"
"Population","2022","Waterford City & County Council","Widowed","Both Sexes","Number","5757"
"Population","2022","Waterford City & County Council","Total","Males","Number","63095"
"Population","2022","Waterford City & County Council","Total","Females","Number","64268"
"Population","2022","Waterford City & County Council","Total","Both Sexes","Number","127363"
"Population","2022","Galway City Council","Single","Males","Number","25426"
"Population","2022","Galway City Council","Single","Females","Number","26754"
"Population","2022","Galway City Council","Single","Both Sexes","Number","52180"
"Population","2022","Galway City Council","Married","Males","Number","12705"
"Population","2022","Galway City Council","Married","Females","Number","12746"
"Population","2022","Galway City Council","Married","Both Sexes","Number","25451"
"Population","2022","Galway City Council","Separated","Males","Number","704"
"Population","2022","Galway City Council","Separated","Females","Number","1037"
"Population","2022","Galway City Council","Separated","Both Sexes","Number","1741"
"Population","2022","Galway City Council","Divorced","Males","Number","877"
"Population","2022","Galway City Council","Divorced","Females","Number","1386"
"Population","2022","Galway City Council","Divorced","Both Sexes","Number","2263"
"Population","2022","Galway City Council","Widowed","Males","Number","702"
"Population","2022","Galway City Council","Widowed","Females","Number","2077"
"Population","2022","Galway City Council","Widowed","Both Sexes","Number","2779"
"Population","2022","Galway City Council","Total","Males","Number","40414"
"Population","2022","Galway City Council","Total","Females","Number","44000"
"Population","2022","Galway City Council","Total","Both Sexes","Number","84414"
"Population","2022","Galway County Council","Single","Males","Number","51800"
"Population","2022","Galway County Council","Single","Females","Number","46599"
"Population","2022","Galway County Council","Single","Both Sexes","Number","98399"
"Population","2022","Galway County Council","Married","Males","Number","39043"
"Population","2022","Galway County Council","Married","Females","Number","39256"
"Population","2022","Galway County Council","Married","Both Sexes","Number","78299"
"Population","2022","Galway County Council","Separated","Males","Number","1884"
"Population","2022","Galway County Council","Separated","Females","Number","2179"
"Population","2022","Galway County Council","Separated","Both Sexes","Number","4063"
"Population","2022","Galway County Council","Divorced","Males","Number","1834"
"Population","2022","Galway County Council","Divorced","Females","Number","2530"
"Population","2022","Galway County Council","Divorced","Both Sexes","Number","4364"
"Population","2022","Galway County Council","Widowed","Males","Number","1959"
"Population","2022","Galway County Council","Widowed","Females","Number","6239"
"Population","2022","Galway County Council","Widowed","Both Sexes","Number","8198"
"Population","2022","Galway County Council","Total","Males","Number","96520"
"Population","2022","Galway County Council","Total","Females","Number","96803"
"Population","2022","Galway County Council","Total","Both Sexes","Number","193323"
"Population","2022","Leitrim County Council","Single","Males","Number","9461"
"Population","2022","Leitrim County Council","Single","Females","Number","8398"
"Population","2022","Leitrim County Council","Single","Both Sexes","Number","17859"
"Population","2022","Leitrim County Council","Married","Males","Number","6831"
"Population","2022","Leitrim County Council","Married","Females","Number","6898"
"Population","2022","Leitrim County Council","Married","Both Sexes","Number","13729"
"Population","2022","Leitrim County Council","Separated","Males","Number","407"
"Population","2022","Leitrim County Council","Separated","Females","Number","436"
"Population","2022","Leitrim County Council","Separated","Both Sexes","Number","843"
"Population","2022","Leitrim County Council","Divorced","Males","Number","428"
"Population","2022","Leitrim County Council","Divorced","Females","Number","538"
"Population","2022","Leitrim County Council","Divorced","Both Sexes","Number","966"
"Population","2022","Leitrim County Council","Widowed","Males","Number","426"
"Population","2022","Leitrim County Council","Widowed","Females","Number","1376"
"Population","2022","Leitrim County Council","Widowed","Both Sexes","Number","1802"
"Population","2022","Leitrim County Council","Total","Males","Number","17553"
"Population","2022","Leitrim County Council","Total","Females","Number","17646"
"Population","2022","Leitrim County Council","Total","Both Sexes","Number","35199"
"Population","2022","Mayo  County Council","Single","Males","Number","36429"
"Population","2022","Mayo  County Council","Single","Females","Number","32859"
"Population","2022","Mayo  County Council","Single","Both Sexes","Number","69288"
"Population","2022","Mayo  County Council","Married","Males","Number","27248"
"Population","2022","Mayo  County Council","Married","Females","Number","27584"
"Population","2022","Mayo  County Council","Married","Both Sexes","Number","54832"
"Population","2022","Mayo  County Council","Separated","Males","Number","1455"
"Population","2022","Mayo  County Council","Separated","Females","Number","1791"
"Population","2022","Mayo  County Council","Separated","Both Sexes","Number","3246"
"Population","2022","Mayo  County Council","Divorced","Males","Number","1490"
"Population","2022","Mayo  County Council","Divorced","Females","Number","2030"
"Population","2022","Mayo  County Council","Divorced","Both Sexes","Number","3520"
"Population","2022","Mayo  County Council","Widowed","Males","Number","1770"
"Population","2022","Mayo  County Council","Widowed","Females","Number","5314"
"Population","2022","Mayo  County Council","Widowed","Both Sexes","Number","7084"
"Population","2022","Mayo  County Council","Total","Males","Number","68392"
"Population","2022","Mayo  County Council","Total","Females","Number","69578"
"Population","2022","Mayo  County Council","Total","Both Sexes","Number","137970"
"Population","2022","Roscommon County Council","Single","Males","Number","18612"
"Population","2022","Roscommon County Council","Single","Females","Number","16419"
"Population","2022","Roscommon County Council","Single","Both Sexes","Number","35031"
"Population","2022","Roscommon County Council","Married","Males","Number","14053"
"Population","2022","Roscommon County Council","Married","Females","Number","14073"
"Population","2022","Roscommon County Council","Married","Both Sexes","Number","28126"
"Population","2022","Roscommon County Council","Separated","Males","Number","824"
"Population","2022","Roscommon County Council","Separated","Females","Number","954"
"Population","2022","Roscommon County Council","Separated","Both Sexes","Number","1778"
"Population","2022","Roscommon County Council","Divorced","Males","Number","817"
"Population","2022","Roscommon County Council","Divorced","Females","Number","1040"
"Population","2022","Roscommon County Council","Divorced","Both Sexes","Number","1857"
"Population","2022","Roscommon County Council","Widowed","Males","Number","864"
"Population","2022","Roscommon County Council","Widowed","Females","Number","2603"
"Population","2022","Roscommon County Council","Widowed","Both Sexes","Number","3467"
"Population","2022","Roscommon County Council","Total","Males","Number","35170"
"Population","2022","Roscommon County Council","Total","Females","Number","35089"
"Population","2022","Roscommon County Council","Total","Both Sexes","Number","70259"
"Population","2022","Sligo County Council","Single","Males","Number","19004"
"Population","2022","Sligo County Council","Single","Females","Number","17869"
"Population","2022","Sligo County Council","Single","Both Sexes","Number","36873"
"Population","2022","Sligo County Council","Married","Males","Number","13234"
"Population","2022","Sligo County Council","Married","Females","Number","13307"
"Population","2022","Sligo County Council","Married","Both Sexes","Number","26541"
"Population","2022","Sligo County Council","Separated","Males","Number","735"
"Population","2022","Sligo County Council","Separated","Females","Number","972"
"Population","2022","Sligo County Council","Separated","Both Sexes","Number","1707"
"Population","2022","Sligo County Council","Divorced","Males","Number","729"
"Population","2022","Sligo County Council","Divorced","Females","Number","1034"
"Population","2022","Sligo County Council","Divorced","Both Sexes","Number","1763"
"Population","2022","Sligo County Council","Widowed","Males","Number","827"
"Population","2022","Sligo County Council","Widowed","Females","Number","2487"
"Population","2022","Sligo County Council","Widowed","Both Sexes","Number","3314"
"Population","2022","Sligo County Council","Total","Males","Number","34529"
"Population","2022","Sligo County Council","Total","Females","Number","35669"
"Population","2022","Sligo County Council","Total","Both Sexes","Number","70198"
"Population","2022","Cavan County Council","Single","Males","Number","22557"
"Population","2022","Cavan County Council","Single","Females","Number","20007"
"Population","2022","Cavan County Council","Single","Both Sexes","Number","42564"
"Population","2022","Cavan County Council","Married","Males","Number","15889"
"Population","2022","Cavan County Council","Married","Females","Number","15829"
"Population","2022","Cavan County Council","Married","Both Sexes","Number","31718"
"Population","2022","Cavan County Council","Separated","Males","Number","837"
"Population","2022","Cavan County Council","Separated","Females","Number","1037"
"Population","2022","Cavan County Council","Separated","Both Sexes","Number","1874"
"Population","2022","Cavan County Council","Divorced","Males","Number","907"
"Population","2022","Cavan County Council","Divorced","Females","Number","1170"
"Population","2022","Cavan County Council","Divorced","Both Sexes","Number","2077"
"Population","2022","Cavan County Council","Widowed","Males","Number","870"
"Population","2022","Cavan County Council","Widowed","Females","Number","2601"
"Population","2022","Cavan County Council","Widowed","Both Sexes","Number","3471"
"Population","2022","Cavan County Council","Total","Males","Number","41060"
"Population","2022","Cavan County Council","Total","Females","Number","40644"
"Population","2022","Cavan County Council","Total","Both Sexes","Number","81704"
"Population","2022","Donegal County Council","Single","Males","Number","44475"
"Population","2022","Donegal County Council","Single","Females","Number","40742"
"Population","2022","Donegal County Council","Single","Both Sexes","Number","85217"
"Population","2022","Donegal County Council","Married","Males","Number","32756"
"Population","2022","Donegal County Council","Married","Females","Number","33165"
"Population","2022","Donegal County Council","Married","Both Sexes","Number","65921"
"Population","2022","Donegal County Council","Separated","Males","Number","1843"
"Population","2022","Donegal County Council","Separated","Females","Number","2235"
"Population","2022","Donegal County Council","Separated","Both Sexes","Number","4078"
"Population","2022","Donegal County Council","Divorced","Males","Number","1767"
"Population","2022","Donegal County Council","Divorced","Females","Number","2440"
"Population","2022","Donegal County Council","Divorced","Both Sexes","Number","4207"
"Population","2022","Donegal County Council","Widowed","Males","Number","1954"
"Population","2022","Donegal County Council","Widowed","Females","Number","5707"
"Population","2022","Donegal County Council","Widowed","Both Sexes","Number","7661"
"Population","2022","Donegal County Council","Total","Males","Number","82795"
"Population","2022","Donegal County Council","Total","Females","Number","84289"
"Population","2022","Donegal County Council","Total","Both Sexes","Number","167084"
"Population","2022","Monaghan County Council","Single","Males","Number","18123"
"Population","2022","Monaghan County Council","Single","Females","Number","15721"
"Population","2022","Monaghan County Council","Single","Both Sexes","Number","33844"
"Population","2022","Monaghan County Council","Married","Males","Number","12678"
"Population","2022","Monaghan County Council","Married","Females","Number","12706"
"Population","2022","Monaghan County Council","Married","Both Sexes","Number","25384"
"Population","2022","Monaghan County Council","Separated","Males","Number","684"
"Population","2022","Monaghan County Council","Separated","Females","Number","834"
"Population","2022","Monaghan County Council","Separated","Both Sexes","Number","1518"
"Population","2022","Monaghan County Council","Divorced","Males","Number","646"
"Population","2022","Monaghan County Council","Divorced","Females","Number","975"
"Population","2022","Monaghan County Council","Divorced","Both Sexes","Number","1621"
"Population","2022","Monaghan County Council","Widowed","Males","Number","763"
"Population","2022","Monaghan County Council","Widowed","Females","Number","2158"
"Population","2022","Monaghan County Council","Widowed","Both Sexes","Number","2921"
"Population","2022","Monaghan County Council","Total","Males","Number","32894"
"Population","2022","Monaghan County Council","Total","Females","Number","32394"
"Population","2022","Monaghan County Council","Total","Both Sexes","Number","65288"
"Population","2022","Ireland","Single","Males","Number","1425472"
"Population","2022","Ireland","Single","Females","Number","1347862"
"Population","2022","Ireland","Single","Both Sexes","Number","2773334"
"Population","2022","Ireland","Married","Males","Number","956855"
"Population","2022","Ireland","Married","Females","Number","955995"
"Population","2022","Ireland","Married","Both Sexes","Number","1912850"
"Population","2022","Ireland","Separated","Males","Number","52382"
"Population","2022","Ireland","Separated","Females","Number","67070"
"Population","2022","Ireland","Separated","Both Sexes","Number","119452"
"Population","2022","Ireland","Divorced","Males","Number","54923"
"Population","2022","Ireland","Divorced","Females","Number","78497"
"Population","2022","Ireland","Divorced","Both Sexes","Number","133420"
"Population","2022","Ireland","Widowed","Males","Number","54917"
"Population","2022","Ireland","Widowed","Females","Number","155166"
"Population","2022","Ireland","Widowed","Both Sexes","Number","210083"
"Population","2022","Ireland","Total","Males","Number","2544549"
"Population","2022","Ireland","Total","Females","Number","2604590"
"Population","2022","Ireland","Total","Both Sexes","Number","5149139"
